Threads,Execução 0,Execução 1,Execução 2,Execução 3,Execução 4,Execução 5,Execução 6,Execução 7,Execução 8,Execução 9
1,9.83482,9.80162,9.80322,9.80485,9.80949,9.84028,9.82023,9.82385,9.81263,9.83629
2,4.98459,5.00203,4.99481,4.9835,4.96478,4.95368,4.9838,4.96962,4.96588,4.96698
3,6.122,6.11685,6.13562,6.1481,6.09653,6.13217,6.13106,6.10061,6.12665,6.13536
4,4.15264,4.14629,4.12521,4.13607,4.12597,4.1286,4.11322,4.13178,4.13293,4.11002
5,4.07857,4.0968,4.10565,4.08905,4.09445,4.1129,4.09365,4.09427,4.1033,4.08883
6,3.13595,3.13061,3.13882,3.12771,3.13159,3.1098,3.11586,3.10823,3.13267,3.11275
7,3.03186,3.03353,3.04228,3.03629,3.00831,3.03027,3.02419,3.03084,3.01781,3.03072
8,2.56125,2.55367,2.5611,2.55851,2.55608,2.55921,2.56632,2.56237,2.54864,2.56663
