Threads,Exec 0,Exec 1,Exec 2,Exec 3,Exec 4,Exec 5,Exec 6,Exec 7,Exec 8,Exec 9
1,58.19308,58.85921,57.25952,56.50984,57.08937,56.59573,56.55776,56.27447,56.69656,57.30469
2,27.69368,27.36266,27.68316,27.6043,27.63449,27.59407,27.48514,27.69325,27.65521,27.64803
3,18.03399,18.17427,18.11412,18.14828,18.11417,18.18025,17.98689,18.18972,18.00595,18.09148
4,13.51867,13.47603,13.47634,13.47873,13.49899,13.45625,13.61785,13.45564,13.40626,13.47542
5,10.70563,10.71371,10.68173,10.70417,10.70313,10.71331,10.70657,10.74149,10.69732,10.77864
6,8.78966,8.85618,8.8318,8.81042,8.83356,8.88258,8.92194,8.83724,8.88398,8.8047
7,7.48969,7.52113,7.53303,7.58157,7.54399,7.46355,7.46856,7.58963,7.50519,7.47868
8,6.41058,6.43281,6.48943,6.41859,6.42211,6.36786,6.42151,6.43479,6.47839,6.37533
