Threads,Exec 0,Exec 1,Exec 2,Exec 3,Exec 4,Exec 5,Exec 6,Exec 7,Exec 8,Exec 9
1,9.76654,9.80699,9.82049,9.80722,9.81139,9.81294,9.82094,9.82568,9.82483,9.82965
2,4.96658,4.99545,4.99377,4.97251,4.96081,4.96774,4.95027,4.98712,4.97739,4.97696
3,6.1409,6.10176,6.13289,6.12336,6.1221,6.13359,6.13511,6.13349,6.1235,6.13184
4,4.14677,4.13439,4.15167,4.13562,4.12293,4.12498,4.14187,4.11693,4.11899,4.14177
5,4.09641,4.09522,4.08594,4.08461,4.08063,4.10762,4.08842,4.10045,4.08878,4.09802
6,3.1333,3.12916,3.13164,3.10829,3.13986,3.13015,3.13029,3.11742,3.12848,3.11916
7,3.01587,3.0235,3.03445,3.0419,3.03224,3.02162,3.01682,3.02251,3.0192,3.01478
8,2.56642,2.56725,2.57673,2.55449,2.56545,2.57011,2.5644,2.57417,2.56103,2.55936
