Threads,Exec 0,Exec 1,Exec 2,Exec 3,Exec 4,Exec 5,Exec 6,Exec 7,Exec 8,Exec 9
1,9.78393,9.80667,9.80489,9.81746,9.80339,9.81952,9.78686,9.8202,9.82036,9.82429
2,5.01427,4.93913,4.9759,4.95032,4.99144,4.9761,4.96398,4.97508,4.9792,4.98763
3,6.13053,6.11679,6.11678,6.14326,6.12834,6.12032,6.10977,6.11775,6.12596,6.14628
4,4.15169,4.14156,4.1114,4.13331,4.1311,4.15066,4.15062,4.12374,4.12873,4.1409
5,4.08908,4.09408,4.09256,4.09621,4.08099,4.0762,4.10196,4.08305,4.08978,4.08311
6,3.13102,3.13283,3.13701,3.1082,3.12533,3.13172,3.1306,3.12288,3.12566,3.13176
7,3.04048,3.00827,3.04431,3.02491,3.04205,3.01365,3.02013,3.02774,3.0265,3.02325
8,2.56239,2.55556,2.57713,2.56433,2.5605,2.56472,2.56242,2.56517,2.57673,2.56543
