Threads,Execução 0,Execução 1,Execução 2,Execução 3,Execução 4,Execução 5,Execução 6,Execução 7,Execução 8,Execução 9
1,64.78292,64.75616,64.74639,64.73518,64.74628,64.73306,64.77348,64.72006,64.81891,64.79415
2,32.80633,32.85529,32.89766,32.69866,32.88976,32.88579,32.89068,32.70192,32.94923,32.73196
3,40.43616,40.45387,40.46876,40.43574,40.46572,40.43019,40.47768,40.45154,40.45898,40.45161
4,27.26963,27.2999,27.43431,27.28458,27.30729,27.30768,27.34535,27.2183,27.50286,27.40373
5,27.09982,27.06084,27.05968,27.04448,27.03954,26.98255,27.06923,27.06201,27.13602,27.06951
6,20.67464,20.73882,20.74125,20.76735,20.7366,20.66983,20.74995,20.78269,20.81839,20.67273
7,19.64159,19.65127,19.64159,19.66322,19.58801,19.59799,19.65135,19.66773,19.62519,19.67771
8,16.72959,16.69829,16.72722,16.76021,16.75628,16.75078,16.70956,16.72717,16.71292,16.79798
